processo,data_movimento_incompetencia,classe_codigo,classe_nome,data_ajuizamento,orgao_julgador_codigo,orgao_julgador_nome,ano_ajuizamento,mes_ajuizamento,municipio_nome,status_arquivamento_definitivo
00000436820258160153,2025-01-07T20:43:50Z,111,Habilitação de Crédito,2025-01-07T16:19:42Z,9192,"IBAITI - VARA CÍVEL, DA FAZENDA PÚBLICA, ACIDENTES DO TRABALHO, REGISTROS PÚBLICOS E CORREGEDORIA DO FORO EXTRAJUDICIAL, JUIZADO ESPECIAL CÍVEL E JUIZADO ESPECIAL DA FAZENDA PÚBLICA",2025,2025-01-01T00:00:00Z,Ibaiti,TRUE
00000436820258160153,2025-01-13T14:15:49Z,111,Habilitação de Crédito,2025-01-07T16:19:42Z,9192,"IBAITI - VARA CÍVEL, DA FAZENDA PÚBLICA, ACIDENTES DO TRABALHO, REGISTROS PÚBLICOS E CORREGEDORIA DO FORO EXTRAJUDICIAL, JUIZADO ESPECIAL CÍVEL E JUIZADO ESPECIAL DA FAZENDA PÚBLICA",2025,2025-01-01T00:00:00Z,Ibaiti,TRUE
00002394520248160162,2025-03-12T11:19:26Z,129,Recuperação Judicial,2024-02-15T18:10:03Z,13950,LONDRINA - 11ª VARA CÍVEL E EMPRESARIAL REGIONAL,2024,2024-02-01T00:00:00Z,Londrina,TRUE
00002515920248160162,2025-02-28T12:36:11Z,111,Habilitação de Crédito,2024-02-19T15:21:04Z,13950,LONDRINA - 11ª VARA CÍVEL E EMPRESARIAL REGIONAL,2024,2024-02-01T00:00:00Z,Londrina,TRUE
00002610620248160162,2025-03-12T11:19:26Z,111,Habilitação de Crédito,2024-02-20T13:03:10Z,13950,LONDRINA - 11ª VARA CÍVEL E EMPRESARIAL REGIONAL,2024,2024-02-01T00:00:00Z,Londrina,TRUE
00002646720248160062,2024-07-15T17:55:11Z,129,Recuperação Judicial,2024-02-05T16:11:12Z,26404,CURITIBA - 1ª VARA DE FALÊNCIAS E RECUPERAÇÕES JUDICIAIS,2024,2024-02-01T00:00:00Z,Curitiba,FALSE
00003052520248160162,2025-02-24T09:44:16Z,111,Habilitação de Crédito,2024-02-27T08:12:52Z,13950,LONDRINA - 11ª VARA CÍVEL E EMPRESARIAL REGIONAL,2024,2024-02-01T00:00:00Z,Londrina,TRUE
00003278320248160162,2025-02-25T15:20:13Z,114,Impugnação de Crédito,2024-02-29T11:09:28Z,13950,LONDRINA - 11ª VARA CÍVEL E EMPRESARIAL REGIONAL,2024,2024-02-01T00:00:00Z,Londrina,TRUE
00003396520248160108,2024-09-16T15:20:04Z,111,Habilitação de Crédito,2024-02-02T14:50:09Z,8809,MARINGÁ - 3ª VARA CÍVEL,2024,2024-02-01T00:00:00Z,Maringá,TRUE
00003502120248160100,2024-06-19T17:13:03Z,129,Recuperação Judicial,2024-02-15T17:05:30Z,13951,CURITIBA - 24ª VARA CÍVEL,2024,2024-02-01T00:00:00Z,Curitiba,FALSE
00003914620258160037,2025-01-28T18:36:12Z,129,Recuperação Judicial,2025-01-28T16:08:41Z,13951,CURITIBA - 24ª VARA CÍVEL,2025,2025-01-01T00:00:00Z,Curitiba,FALSE
00004123520248160141,2025-04-07T18:24:01Z,108,"Falência de Empresários, Sociedades Empresáriais, Microempresas e Empresas de Pequeno Porte",2024-02-06T22:02:16Z,13752,CASCAVEL - 4ª VARA CÍVEL,2024,2024-02-01T00:00:00Z,Cascavel,FALSE
00004426020258160133,2025-08-01T17:02:21Z,108,"Falência de Empresários, Sociedades Empresáriais, Microempresas e Empresas de Pequeno Porte",2025-03-28T17:33:13Z,13752,CASCAVEL - 4ª VARA CÍVEL,2025,2025-03-01T00:00:00Z,Cascavel,FALSE
00005411420248160085,2024-09-11T18:52:51Z,129,Recuperação Judicial,2024-06-20T15:06:08Z,26422,CURITIBA - 2ª VARA DE FALÊNCIAS E RECUPERAÇÕES JUDICIAIS,2024,2024-06-01T00:00:00Z,Curitiba,FALSE
00005802120248160114,2025-09-01T14:44:31Z,129,Recuperação Judicial,2024-04-04T10:45:13Z,26422,CURITIBA - 2ª VARA DE FALÊNCIAS E RECUPERAÇÕES JUDICIAIS,2024,2024-04-01T00:00:00Z,Curitiba,FALSE
00005916920248160043,2024-05-13T16:30:58Z,108,"Falência de Empresários, Sociedades Empresáriais, Microempresas e Empresas de Pequeno Porte",2024-03-22T15:37:07Z,13952,CURITIBA - 25ª VARA CÍVEL,2024,2024-03-01T00:00:00Z,Curitiba,FALSE
00006514620248160074,2024-07-17T15:30:20Z,129,Recuperação Judicial,2024-03-05T18:18:29Z,26404,CURITIBA - 1ª VARA DE FALÊNCIAS E RECUPERAÇÕES JUDICIAIS,2024,2024-03-01T00:00:00Z,Curitiba,FALSE
00007267820258160162,2025-04-24T12:55:51Z,111,Habilitação de Crédito,2025-04-17T13:16:40Z,13950,LONDRINA - 11ª VARA CÍVEL E EMPRESARIAL REGIONAL,2025,2025-04-01T00:00:00Z,Londrina,TRUE
00007728920258160090,2025-07-17T17:36:30Z,111,Habilitação de Crédito,2025-02-10T08:58:06Z,13950,LONDRINA - 11ª VARA CÍVEL E EMPRESARIAL REGIONAL,2025,2025-02-01T00:00:00Z,Londrina,FALSE
00007980220248160162,2025-01-27T18:33:41Z,111,Habilitação de Crédito,2024-05-15T08:42:05Z,13950,LONDRINA - 11ª VARA CÍVEL E EMPRESARIAL REGIONAL,2024,2024-05-01T00:00:00Z,Londrina,TRUE
00008298620248160076,2024-07-16T21:27:50Z,111,Habilitação de Crédito,2024-04-16T16:19:33Z,13752,CASCAVEL - 4ª VARA CÍVEL,2024,2024-04-01T00:00:00Z,Cascavel,TRUE
00008510820248160089,2025-01-09T15:48:38Z,111,Habilitação de Crédito,2024-03-06T17:48:41Z,13950,LONDRINA - 11ª VARA CÍVEL E EMPRESARIAL REGIONAL,2024,2024-03-01T00:00:00Z,Londrina,FALSE
00008546020248160089,2025-01-09T15:48:39Z,111,Habilitação de Crédito,2024-03-06T18:00:55Z,13950,LONDRINA - 11ª VARA CÍVEL E EMPRESARIAL REGIONAL,2024,2024-03-01T00:00:00Z,Londrina,FALSE
00008938520248160112,2024-08-15T19:13:20Z,129,Recuperação Judicial,2024-02-16T18:16:42Z,26404,CURITIBA - 1ª VARA DE FALÊNCIAS E RECUPERAÇÕES JUDICIAIS,2024,2024-02-01T00:00:00Z,Curitiba,FALSE
00008944620258160044,2025-03-06T17:32:40Z,111,Habilitação de Crédito,2025-01-27T00:18:09Z,13950,LONDRINA - 11ª VARA CÍVEL E EMPRESARIAL REGIONAL,2025,2025-01-01T00:00:00Z,Londrina,TRUE
00009292620248160081,2024-09-16T19:01:24Z,129,Recuperação Judicial,2024-04-17T21:30:30Z,26422,CURITIBA - 2ª VARA DE FALÊNCIAS E RECUPERAÇÕES JUDICIAIS,2024,2024-04-01T00:00:00Z,Curitiba,FALSE
00009643420248160162,2025-02-03T11:06:16Z,111,Habilitação de Crédito,2024-06-11T11:18:19Z,13950,LONDRINA - 11ª VARA CÍVEL E EMPRESARIAL REGIONAL,2024,2024-06-01T00:00:00Z,Londrina,TRUE
00009715120248160089,2025-01-09T15:47:59Z,111,Habilitação de Crédito,2024-03-13T16:11:27Z,13950,LONDRINA - 11ª VARA CÍVEL E EMPRESARIAL REGIONAL,2024,2024-03-01T00:00:00Z,Londrina,TRUE
00009756320248160162,2025-03-07T06:47:12Z,111,Habilitação de Crédito,2024-06-12T16:13:03Z,13950,LONDRINA - 11ª VARA CÍVEL E EMPRESARIAL REGIONAL,2024,2024-06-01T00:00:00Z,Londrina,TRUE
00010304720248160151,2024-09-23T19:15:00Z,111,Habilitação de Crédito,2024-07-19T16:17:33Z,8809,MARINGÁ - 3ª VARA CÍVEL,2024,2024-07-01T00:00:00Z,Maringá,FALSE
00010552720248160162,2025-02-28T12:36:11Z,111,Habilitação de Crédito,2024-06-25T13:35:48Z,13950,LONDRINA - 11ª VARA CÍVEL E EMPRESARIAL REGIONAL,2024,2024-06-01T00:00:00Z,Londrina,FALSE
00010613420248160162,2025-05-08T13:45:18Z,111,Habilitação de Crédito,2024-06-25T14:41:53Z,13950,LONDRINA - 11ª VARA CÍVEL E EMPRESARIAL REGIONAL,2024,2024-06-01T00:00:00Z,Londrina,FALSE
00010803120248160068,2024-07-11T15:28:08Z,114,Impugnação de Crédito,2024-04-18T16:01:18Z,13752,CASCAVEL - 4ª VARA CÍVEL,2024,2024-04-01T00:00:00Z,Cascavel,TRUE
00010811620248160068,2024-07-11T15:28:10Z,114,Impugnação de Crédito,2024-04-19T15:07:12Z,13752,CASCAVEL - 4ª VARA CÍVEL,2024,2024-04-01T00:00:00Z,Cascavel,TRUE
00010867220248160089,2025-01-09T15:48:40Z,111,Habilitação de Crédito,2024-03-26T12:26:02Z,13950,LONDRINA - 11ª VARA CÍVEL E EMPRESARIAL REGIONAL,2024,2024-03-01T00:00:00Z,Londrina,FALSE
00010963320248160052,2024-11-29T15:39:41Z,111,Habilitação de Crédito,2024-06-18T10:43:37Z,13752,CASCAVEL - 4ª VARA CÍVEL,2024,2024-06-01T00:00:00Z,Cascavel,TRUE
00010994220248160131,2024-06-28T17:14:43Z,111,Habilitação de Crédito,2024-02-02T15:01:21Z,13752,CASCAVEL - 4ª VARA CÍVEL,2024,2024-02-01T00:00:00Z,Cascavel,FALSE
00011223520248160083,2024-09-13T17:03:59Z,129,Recuperação Judicial,2024-02-09T18:31:28Z,13752,CASCAVEL - 4ª VARA CÍVEL,2024,2024-02-01T00:00:00Z,Cascavel,FALSE
00011454420248160062,2024-07-11T16:38:19Z,108,"Falência de Empresários, Sociedades Empresáriais, Microempresas e Empresas de Pequeno Porte",2024-05-23T13:25:02Z,13752,CASCAVEL - 4ª VARA CÍVEL,2024,2024-05-01T00:00:00Z,Cascavel,FALSE
00011825820248160131,2024-07-23T13:52:27Z,111,Habilitação de Crédito,2024-02-06T10:39:01Z,13752,CASCAVEL - 4ª VARA CÍVEL,2024,2024-02-01T00:00:00Z,Cascavel,TRUE
00012074220248160076,2024-07-16T21:27:39Z,111,Habilitação de Crédito,2024-06-05T14:01:50Z,26404,CURITIBA - 1ª VARA DE FALÊNCIAS E RECUPERAÇÕES JUDICIAIS,2024,2024-06-01T00:00:00Z,Curitiba,FALSE
00012129720248160162,2025-01-27T18:33:41Z,111,Habilitação de Crédito,2024-07-18T15:25:45Z,13950,LONDRINA - 11ª VARA CÍVEL E EMPRESARIAL REGIONAL,2024,2024-07-01T00:00:00Z,Londrina,TRUE
00012321120248160123,2024-07-10T13:25:05Z,111,Habilitação de Crédito,2024-03-05T16:49:23Z,8816,PONTA GROSSA - 1ª VARA CÍVEL,2024,2024-03-01T00:00:00Z,Ponta Grossa,FALSE
00012389520248160162,2025-05-24T14:41:25Z,111,Habilitação de Crédito,2024-07-23T08:50:46Z,13950,LONDRINA - 11ª VARA CÍVEL E EMPRESARIAL REGIONAL,2024,2024-07-01T00:00:00Z,Londrina,FALSE
00012527920248160162,2025-01-21T12:01:07Z,111,Habilitação de Crédito,2024-07-24T17:30:06Z,13950,LONDRINA - 11ª VARA CÍVEL E EMPRESARIAL REGIONAL,2024,2024-07-01T00:00:00Z,Londrina,FALSE
00013209120258160130,2025-02-25T18:30:07Z,108,"Falência de Empresários, Sociedades Empresáriais, Microempresas e Empresas de Pequeno Porte",2025-02-10T19:33:56Z,8809,MARINGÁ - 3ª VARA CÍVEL,2025,2025-02-01T00:00:00Z,Maringá,TRUE
00013233620258160101,2025-06-12T19:27:25Z,108,"Falência de Empresários, Sociedades Empresáriais, Microempresas e Empresas de Pequeno Porte",2025-04-24T16:04:58Z,8809,MARINGÁ - 3ª VARA CÍVEL,2025,2025-04-01T00:00:00Z,Maringá,FALSE
00013413420258160044,2025-02-05T15:20:55Z,111,Habilitação de Crédito,2025-02-04T15:45:10Z,13950,LONDRINA - 11ª VARA CÍVEL E EMPRESARIAL REGIONAL,2025,2025-02-01T00:00:00Z,Londrina,FALSE
00013592620248160162,2025-03-12T07:55:47Z,111,Habilitação de Crédito,2024-08-13T10:41:05Z,13950,LONDRINA - 11ª VARA CÍVEL E EMPRESARIAL REGIONAL,2024,2024-08-01T00:00:00Z,Londrina,FALSE
00013832120258160194,2025-01-31T15:58:02Z,111,Habilitação de Crédito,2025-01-29T18:11:12Z,26404,CURITIBA - 1ª VARA DE FALÊNCIAS E RECUPERAÇÕES JUDICIAIS,2025,2025-01-01T00:00:00Z,Curitiba,FALSE
00013838720248160054,2024-08-29T18:20:31Z,111,Habilitação de Crédito,2024-08-12T15:48:10Z,13951,CURITIBA - 24ª VARA CÍVEL,2024,2024-08-01T00:00:00Z,Curitiba,TRUE
00013847220248160054,2024-08-29T18:20:32Z,111,Habilitação de Crédito,2024-08-13T09:30:04Z,13951,CURITIBA - 24ª VARA CÍVEL,2024,2024-08-01T00:00:00Z,Curitiba,FALSE
00013855720248160054,2024-08-29T18:20:34Z,111,Habilitação de Crédito,2024-08-12T16:05:50Z,13951,CURITIBA - 24ª VARA CÍVEL,2024,2024-08-01T00:00:00Z,Curitiba,FALSE
00014249120248160074,2024-07-17T15:23:53Z,111,Habilitação de Crédito,2024-05-16T15:20:44Z,13752,CASCAVEL - 4ª VARA CÍVEL,2024,2024-05-01T00:00:00Z,Cascavel,TRUE
00014481620248160076,2024-07-16T21:27:43Z,111,Habilitação de Crédito,2024-07-08T10:00:12Z,13752,CASCAVEL - 4ª VARA CÍVEL,2024,2024-07-01T00:00:00Z,Cascavel,TRUE
00014499820248160076,2024-07-16T21:27:42Z,111,Habilitação de Crédito,2024-07-08T10:13:08Z,13752,CASCAVEL - 4ª VARA CÍVEL,2024,2024-07-01T00:00:00Z,Cascavel,TRUE
00014508320248160076,2024-07-16T21:27:43Z,111,Habilitação de Crédito,2024-07-08T14:23:56Z,26404,CURITIBA - 1ª VARA DE FALÊNCIAS E RECUPERAÇÕES JUDICIAIS,2024,2024-07-01T00:00:00Z,Curitiba,FALSE
00014617320248160089,2025-01-09T14:28:26Z,111,Habilitação de Crédito,2024-04-25T18:32:14Z,13950,LONDRINA - 11ª VARA CÍVEL E EMPRESARIAL REGIONAL,2024,2024-04-01T00:00:00Z,Londrina,FALSE
00014753220248160162,2025-03-17T11:34:49Z,111,Habilitação de Crédito,2024-09-02T16:14:00Z,13950,LONDRINA - 11ª VARA CÍVEL E EMPRESARIAL REGIONAL,2024,2024-09-01T00:00:00Z,Londrina,TRUE
00014822420248160162,2025-02-03T11:06:16Z,111,Habilitação de Crédito,2024-09-03T16:10:03Z,13950,LONDRINA - 11ª VARA CÍVEL E EMPRESARIAL REGIONAL,2024,2024-09-01T00:00:00Z,Londrina,FALSE
00014971320248160123,2024-07-12T13:51:40Z,111,Habilitação de Crédito,2024-03-19T15:33:26Z,8816,PONTA GROSSA - 1ª VARA CÍVEL,2024,2024-03-01T00:00:00Z,Ponta Grossa,FALSE
00015065220248160162,2025-02-04T10:12:51Z,111,Habilitação de Crédito,2024-09-06T15:29:22Z,13950,LONDRINA - 11ª VARA CÍVEL E EMPRESARIAL REGIONAL,2024,2024-09-01T00:00:00Z,Londrina,FALSE
00015422220248160089,2025-01-09T15:48:01Z,111,Habilitação de Crédito,2024-05-03T15:59:17Z,13950,LONDRINA - 11ª VARA CÍVEL E EMPRESARIAL REGIONAL,2024,2024-05-01T00:00:00Z,Londrina,TRUE
00016062720248160123,2024-06-04T18:51:41Z,111,Habilitação de Crédito,2024-03-25T12:37:07Z,8816,PONTA GROSSA - 1ª VARA CÍVEL,2024,2024-03-01T00:00:00Z,Ponta Grossa,TRUE
00016078920248160162,2025-02-18T09:16:38Z,114,Impugnação de Crédito,2024-09-19T08:30:50Z,13950,LONDRINA - 11ª VARA CÍVEL E EMPRESARIAL REGIONAL,2024,2024-09-01T00:00:00Z,Londrina,TRUE
00016311620248160131,2024-07-04T13:53:33Z,111,Habilitação de Crédito,2024-02-19T11:50:00Z,13752,CASCAVEL - 4ª VARA CÍVEL,2024,2024-02-01T00:00:00Z,Cascavel,TRUE
00016454220248160117,2024-08-01T21:52:52Z,129,Recuperação Judicial,2024-04-09T17:32:27Z,26404,CURITIBA - 1ª VARA DE FALÊNCIAS E RECUPERAÇÕES JUDICIAIS,2024,2024-04-01T00:00:00Z,Curitiba,FALSE
00016892320248160162,2025-01-24T13:53:16Z,111,Habilitação de Crédito,2024-10-01T13:39:05Z,13950,LONDRINA - 11ª VARA CÍVEL E EMPRESARIAL REGIONAL,2024,2024-10-01T00:00:00Z,Londrina,TRUE
00016900820248160162,2025-02-18T09:16:38Z,111,Habilitação de Crédito,2024-10-01T13:32:16Z,13950,LONDRINA - 11ª VARA CÍVEL E EMPRESARIAL REGIONAL,2024,2024-10-01T00:00:00Z,Londrina,FALSE
00017065920248160162,2025-02-18T09:16:36Z,111,Habilitação de Crédito,2024-10-04T15:08:31Z,13950,LONDRINA - 11ª VARA CÍVEL E EMPRESARIAL REGIONAL,2024,2024-10-01T00:00:00Z,Londrina,FALSE
00017329120258160107,2025-11-28T19:00:02Z,129,Recuperação Judicial,2025-11-06T10:04:02Z,9066,MAMBORÊ - JUÍZO ÚNICO,2025,2025-11-01T00:00:00Z,Mamborê,FALSE
00017483620248160089,2025-01-09T15:48:02Z,111,Habilitação de Crédito,2024-05-22T15:36:21Z,13950,LONDRINA - 11ª VARA CÍVEL E EMPRESARIAL REGIONAL,2024,2024-05-01T00:00:00Z,Londrina,TRUE
00018210820248160089,2025-01-09T15:48:02Z,111,Habilitação de Crédito,2024-05-24T15:57:24Z,13950,LONDRINA - 11ª VARA CÍVEL E EMPRESARIAL REGIONAL,2024,2024-05-01T00:00:00Z,Londrina,TRUE
00018302220248160104,2024-07-02T20:46:58Z,129,Recuperação Judicial,2024-04-22T20:43:10Z,26404,CURITIBA - 1ª VARA DE FALÊNCIAS E RECUPERAÇÕES JUDICIAIS,2024,2024-04-01T00:00:00Z,Curitiba,FALSE
00018392920248160089,2025-01-09T15:00:51Z,114,Impugnação de Crédito,2024-05-28T16:51:16Z,13950,LONDRINA - 11ª VARA CÍVEL E EMPRESARIAL REGIONAL,2024,2024-05-01T00:00:00Z,Londrina,TRUE
00018599220248160162,2025-03-19T10:20:46Z,114,Impugnação de Crédito,2024-10-24T17:57:06Z,13950,LONDRINA - 11ª VARA CÍVEL E EMPRESARIAL REGIONAL,2024,2024-10-01T00:00:00Z,Londrina,FALSE
00019027720248160049,2024-08-29T14:49:01Z,108,"Falência de Empresários, Sociedades Empresáriais, Microempresas e Empresas de Pequeno Porte",2024-07-12T10:45:49Z,8809,MARINGÁ - 3ª VARA CÍVEL,2024,2024-07-01T00:00:00Z,Maringá,TRUE
00019234820248160083,2026-01-13T14:39:53Z,114,Impugnação de Crédito,2024-03-07T17:46:45Z,26404,CURITIBA - 1ª VARA DE FALÊNCIAS E RECUPERAÇÕES JUDICIAIS,2024,2024-03-01T00:00:00Z,Curitiba,FALSE
00019434020248160115,2024-07-10T20:46:37Z,129,Recuperação Judicial,2024-06-17T18:47:27Z,26404,CURITIBA - 1ª VARA DE FALÊNCIAS E RECUPERAÇÕES JUDICIAIS,2024,2024-06-01T00:00:00Z,Curitiba,FALSE
00019517020248160162,2025-03-24T11:34:53Z,111,Habilitação de Crédito,2024-11-07T14:14:57Z,13950,LONDRINA - 11ª VARA CÍVEL E EMPRESARIAL REGIONAL,2024,2024-11-01T00:00:00Z,Londrina,FALSE
00019525520248160162,2025-03-11T12:49:40Z,111,Habilitação de Crédito,2024-11-07T14:08:49Z,13950,LONDRINA - 11ª VARA CÍVEL E EMPRESARIAL REGIONAL,2024,2024-11-01T00:00:00Z,Londrina,FALSE
00019569220248160162,2025-01-28T08:53:27Z,111,Habilitação de Crédito,2024-11-07T19:46:41Z,13950,LONDRINA - 11ª VARA CÍVEL E EMPRESARIAL REGIONAL,2024,2024-11-01T00:00:00Z,Londrina,FALSE
00019605720248160089,2025-01-09T14:28:26Z,111,Habilitação de Crédito,2024-06-06T14:02:48Z,13950,LONDRINA - 11ª VARA CÍVEL E EMPRESARIAL REGIONAL,2024,2024-06-01T00:00:00Z,Londrina,FALSE
00019614220248160089,2025-01-09T14:28:26Z,111,Habilitação de Crédito,2024-06-10T16:14:35Z,13950,LONDRINA - 11ª VARA CÍVEL E EMPRESARIAL REGIONAL,2024,2024-06-01T00:00:00Z,Londrina,FALSE
00020133820248160089,2025-01-09T15:48:32Z,111,Habilitação de Crédito,2024-06-17T16:13:33Z,13950,LONDRINA - 11ª VARA CÍVEL E EMPRESARIAL REGIONAL,2024,2024-06-01T00:00:00Z,Londrina,FALSE
00020702220258160089,2025-07-31T15:01:42Z,111,Habilitação de Crédito,2025-06-26T17:22:55Z,13950,LONDRINA - 11ª VARA CÍVEL E EMPRESARIAL REGIONAL,2025,2025-06-01T00:00:00Z,Londrina,FALSE
00021237520248160044,2025-03-17T15:41:00Z,108,"Falência de Empresários, Sociedades Empresáriais, Microempresas e Empresas de Pequeno Porte",2024-02-26T18:01:28Z,13950,LONDRINA - 11ª VARA CÍVEL E EMPRESARIAL REGIONAL,2024,2024-02-01T00:00:00Z,Londrina,TRUE
00021372120248160089,2025-01-09T14:28:26Z,111,Habilitação de Crédito,2024-07-01T17:09:32Z,13950,LONDRINA - 11ª VARA CÍVEL E EMPRESARIAL REGIONAL,2024,2024-07-01T00:00:00Z,Londrina,TRUE
00021593320248160169,2024-09-25T18:46:16Z,114,Impugnação de Crédito,2024-08-27T17:47:10Z,8816,PONTA GROSSA - 1ª VARA CÍVEL,2024,2024-08-01T00:00:00Z,Ponta Grossa,FALSE
00021597920248160089,2025-01-09T14:28:26Z,111,Habilitação de Crédito,2024-07-02T17:08:29Z,13950,LONDRINA - 11ª VARA CÍVEL E EMPRESARIAL REGIONAL,2024,2024-07-01T00:00:00Z,Londrina,FALSE
00022127520248160181,2025-02-06T13:40:41Z,111,Habilitação de Crédito,2024-08-21T16:31:15Z,13752,CASCAVEL - 4ª VARA CÍVEL,2024,2024-08-01T00:00:00Z,Cascavel,TRUE
00022802520248160181,2024-09-09T19:55:24Z,114,Impugnação de Crédito,2024-08-29T14:03:40Z,13752,CASCAVEL - 4ª VARA CÍVEL,2024,2024-08-01T00:00:00Z,Cascavel,FALSE
00022811020248160181,2024-09-09T19:55:24Z,114,Impugnação de Crédito,2024-08-29T14:15:23Z,13752,CASCAVEL - 4ª VARA CÍVEL,2024,2024-08-01T00:00:00Z,Cascavel,TRUE
00022837720248160181,2024-09-09T19:55:24Z,114,Impugnação de Crédito,2024-08-29T14:30:03Z,26404,CURITIBA - 1ª VARA DE FALÊNCIAS E RECUPERAÇÕES JUDICIAIS,2024,2024-08-01T00:00:00Z,Curitiba,FALSE
00022846220248160181,2024-09-09T19:55:24Z,114,Impugnação de Crédito,2024-08-29T14:39:29Z,26404,CURITIBA - 1ª VARA DE FALÊNCIAS E RECUPERAÇÕES JUDICIAIS,2024,2024-08-01T00:00:00Z,Curitiba,FALSE
00022854720248160181,2024-09-09T19:55:24Z,114,Impugnação de Crédito,2024-08-29T14:50:43Z,26404,CURITIBA - 1ª VARA DE FALÊNCIAS E RECUPERAÇÕES JUDICIAIS,2024,2024-08-01T00:00:00Z,Curitiba,FALSE
00022880220248160181,2024-09-09T19:55:24Z,114,Impugnação de Crédito,2024-08-29T15:09:17Z,26404,CURITIBA - 1ª VARA DE FALÊNCIAS E RECUPERAÇÕES JUDICIAIS,2024,2024-08-01T00:00:00Z,Curitiba,FALSE
00022891020248160044,2025-01-27T17:21:02Z,111,Habilitação de Crédito,2024-03-01T06:13:39Z,13950,LONDRINA - 11ª VARA CÍVEL E EMPRESARIAL REGIONAL,2024,2024-03-01T00:00:00Z,Londrina,TRUE
00022898420248160181,2024-09-09T19:55:24Z,114,Impugnação de Crédito,2024-08-29T15:16:06Z,26404,CURITIBA - 1ª VARA DE FALÊNCIAS E RECUPERAÇÕES JUDICIAIS,2024,2024-08-01T00:00:00Z,Curitiba,FALSE
00022906920248160181,2024-09-09T19:55:24Z,114,Impugnação de Crédito,2024-08-29T15:23:06Z,13752,CASCAVEL - 4ª VARA CÍVEL,2024,2024-08-01T00:00:00Z,Cascavel,TRUE
00022915420248160181,2024-09-09T19:55:24Z,114,Impugnação de Crédito,2024-08-29T15:32:12Z,26404,CURITIBA - 1ª VARA DE FALÊNCIAS E RECUPERAÇÕES JUDICIAIS,2024,2024-08-01T00:00:00Z,Curitiba,FALSE
00022923920248160181,2024-09-09T19:55:24Z,114,Impugnação de Crédito,2024-08-29T15:39:07Z,26404,CURITIBA - 1ª VARA DE FALÊNCIAS E RECUPERAÇÕES JUDICIAIS,2024,2024-08-01T00:00:00Z,Curitiba,FALSE
00022932420248160181,2024-09-09T19:55:24Z,114,Impugnação de Crédito,2024-08-29T15:45:14Z,13752,CASCAVEL - 4ª VARA CÍVEL,2024,2024-08-01T00:00:00Z,Cascavel,TRUE
00022940920248160181,2024-09-09T19:55:24Z,114,Impugnação de Crédito,2024-08-29T15:50:45Z,13752,CASCAVEL - 4ª VARA CÍVEL,2024,2024-08-01T00:00:00Z,Cascavel,TRUE
00022959120248160181,2024-09-09T19:55:24Z,114,Impugnação de Crédito,2024-08-29T15:56:46Z,26404,CURITIBA - 1ª VARA DE FALÊNCIAS E RECUPERAÇÕES JUDICIAIS,2024,2024-08-01T00:00:00Z,Curitiba,FALSE
00022967620248160181,2024-09-09T19:55:24Z,114,Impugnação de Crédito,2024-08-29T16:12:33Z,26404,CURITIBA - 1ª VARA DE FALÊNCIAS E RECUPERAÇÕES JUDICIAIS,2024,2024-08-01T00:00:00Z,Curitiba,FALSE
00022976120248160181,2024-09-09T19:55:24Z,114,Impugnação de Crédito,2024-08-29T16:20:51Z,13752,CASCAVEL - 4ª VARA CÍVEL,2024,2024-08-01T00:00:00Z,Cascavel,TRUE
00023053820248160181,2024-09-09T19:55:24Z,114,Impugnação de Crédito,2024-08-30T13:16:31Z,26404,CURITIBA - 1ª VARA DE FALÊNCIAS E RECUPERAÇÕES JUDICIAIS,2024,2024-08-01T00:00:00Z,Curitiba,FALSE
00023062320248160181,2024-09-09T19:55:24Z,114,Impugnação de Crédito,2024-08-30T13:23:23Z,13752,CASCAVEL - 4ª VARA CÍVEL,2024,2024-08-01T00:00:00Z,Cascavel,FALSE
00023070820248160181,2024-09-09T19:55:24Z,114,Impugnação de Crédito,2024-08-30T13:40:50Z,13752,CASCAVEL - 4ª VARA CÍVEL,2024,2024-08-01T00:00:00Z,Cascavel,FALSE
00023089020248160181,2024-09-09T19:55:24Z,114,Impugnação de Crédito,2024-08-30T13:47:15Z,26404,CURITIBA - 1ª VARA DE FALÊNCIAS E RECUPERAÇÕES JUDICIAIS,2024,2024-08-01T00:00:00Z,Curitiba,FALSE
00023097520248160181,2024-09-09T19:55:24Z,114,Impugnação de Crédito,2024-08-30T13:54:53Z,26404,CURITIBA - 1ª VARA DE FALÊNCIAS E RECUPERAÇÕES JUDICIAIS,2024,2024-08-01T00:00:00Z,Curitiba,FALSE
00023103420258160049,2025-08-13T15:00:14Z,108,"Falência de Empresários, Sociedades Empresáriais, Microempresas e Empresas de Pequeno Porte",2025-08-05T15:43:47Z,8809,MARINGÁ - 3ª VARA CÍVEL,2025,2025-08-01T00:00:00Z,Maringá,FALSE
00023106020248160181,2024-09-09T19:55:24Z,114,Impugnação de Crédito,2024-08-30T14:04:26Z,13752,CASCAVEL - 4ª VARA CÍVEL,2024,2024-08-01T00:00:00Z,Cascavel,TRUE
00023114520248160181,2024-09-09T19:55:24Z,114,Impugnação de Crédito,2024-08-30T14:10:37Z,26404,CURITIBA - 1ª VARA DE FALÊNCIAS E RECUPERAÇÕES JUDICIAIS,2024,2024-08-01T00:00:00Z,Curitiba,FALSE
00023123020248160181,2024-09-09T19:55:24Z,114,Impugnação de Crédito,2024-08-30T14:19:39Z,26404,CURITIBA - 1ª VARA DE FALÊNCIAS E RECUPERAÇÕES JUDICIAIS,2024,2024-08-01T00:00:00Z,Curitiba,FALSE
00023131520248160181,2024-09-09T19:55:24Z,114,Impugnação de Crédito,2024-08-30T14:25:58Z,26404,CURITIBA - 1ª VARA DE FALÊNCIAS E RECUPERAÇÕES JUDICIAIS,2024,2024-08-01T00:00:00Z,Curitiba,FALSE
00023149720248160181,2024-09-09T19:55:24Z,114,Impugnação de Crédito,2024-08-30T14:30:25Z,13752,CASCAVEL - 4ª VARA CÍVEL,2024,2024-08-01T00:00:00Z,Cascavel,TRUE
00023158220248160181,2024-09-09T19:55:24Z,114,Impugnação de Crédito,2024-08-30T14:34:52Z,26404,CURITIBA - 1ª VARA DE FALÊNCIAS E RECUPERAÇÕES JUDICIAIS,2024,2024-08-01T00:00:00Z,Curitiba,FALSE
00023166720248160181,2024-09-09T19:55:24Z,114,Impugnação de Crédito,2024-08-30T14:42:04Z,26404,CURITIBA - 1ª VARA DE FALÊNCIAS E RECUPERAÇÕES JUDICIAIS,2024,2024-08-01T00:00:00Z,Curitiba,FALSE
00023183720248160181,2024-09-09T19:55:24Z,114,Impugnação de Crédito,2024-08-30T14:46:37Z,26404,CURITIBA - 1ª VARA DE FALÊNCIAS E RECUPERAÇÕES JUDICIAIS,2024,2024-08-01T00:00:00Z,Curitiba,FALSE
00023192220248160181,2024-09-09T19:55:24Z,114,Impugnação de Crédito,2024-08-30T14:58:26Z,26404,CURITIBA - 1ª VARA DE FALÊNCIAS E RECUPERAÇÕES JUDICIAIS,2024,2024-08-01T00:00:00Z,Curitiba,FALSE
00023200720248160181,2024-09-09T19:55:24Z,114,Impugnação de Crédito,2024-08-30T15:03:27Z,26404,CURITIBA - 1ª VARA DE FALÊNCIAS E RECUPERAÇÕES JUDICIAIS,2024,2024-08-01T00:00:00Z,Curitiba,FALSE
00023218720248160117,2024-07-29T13:58:35Z,111,Habilitação de Crédito,2024-05-13T15:35:55Z,26404,CURITIBA - 1ª VARA DE FALÊNCIAS E RECUPERAÇÕES JUDICIAIS,2024,2024-05-01T00:00:00Z,Curitiba,FALSE
00023218920248160181,2024-09-09T19:55:24Z,114,Impugnação de Crédito,2024-08-30T15:12:32Z,13752,CASCAVEL - 4ª VARA CÍVEL,2024,2024-08-01T00:00:00Z,Cascavel,FALSE
00023227420248160181,2024-09-09T19:55:24Z,114,Impugnação de Crédito,2024-08-30T15:16:59Z,26404,CURITIBA - 1ª VARA DE FALÊNCIAS E RECUPERAÇÕES JUDICIAIS,2024,2024-08-01T00:00:00Z,Curitiba,FALSE
00023235920248160181,2024-09-09T19:55:24Z,114,Impugnação de Crédito,2024-08-30T15:20:43Z,13752,CASCAVEL - 4ª VARA CÍVEL,2024,2024-08-01T00:00:00Z,Cascavel,TRUE
00023244420248160181,2024-09-09T19:55:24Z,114,Impugnação de Crédito,2024-08-30T15:24:36Z,13752,CASCAVEL - 4ª VARA CÍVEL,2024,2024-08-01T00:00:00Z,Cascavel,TRUE
00023252920248160181,2024-09-09T19:55:24Z,114,Impugnação de Crédito,2024-08-30T15:31:53Z,26404,CURITIBA - 1ª VARA DE FALÊNCIAS E RECUPERAÇÕES JUDICIAIS,2024,2024-08-01T00:00:00Z,Curitiba,FALSE
00023261420248160181,2024-09-09T19:55:24Z,114,Impugnação de Crédito,2024-08-30T15:36:46Z,26404,CURITIBA - 1ª VARA DE FALÊNCIAS E RECUPERAÇÕES JUDICIAIS,2024,2024-08-01T00:00:00Z,Curitiba,FALSE
00024195520258160176,2026-01-13T14:56:01Z,129,Recuperação Judicial,2025-11-04T08:42:38Z,13950,LONDRINA - 11ª VARA CÍVEL E EMPRESARIAL REGIONAL,2025,2025-11-01T00:00:00Z,Londrina,FALSE
00025318920248160101,2024-11-22T20:01:13Z,111,Habilitação de Crédito,2024-07-03T12:45:26Z,26422,CURITIBA - 2ª VARA DE FALÊNCIAS E RECUPERAÇÕES JUDICIAIS,2024,2024-07-01T00:00:00Z,Curitiba,FALSE
00025582420248160117,2024-08-01T17:09:51Z,114,Impugnação de Crédito,2024-05-23T16:18:47Z,13752,CASCAVEL - 4ª VARA CÍVEL,2024,2024-05-01T00:00:00Z,Cascavel,TRUE
00026023020248160089,2025-01-09T14:32:38Z,111,Habilitação de Crédito,2024-08-08T18:14:04Z,13950,LONDRINA - 11ª VARA CÍVEL E EMPRESARIAL REGIONAL,2024,2024-08-01T00:00:00Z,Londrina,FALSE
00026066820248160121,2025-02-15T12:02:32Z,129,Recuperação Judicial,2024-11-07T18:34:12Z,26422,CURITIBA - 2ª VARA DE FALÊNCIAS E RECUPERAÇÕES JUDICIAIS,2024,2024-11-01T00:00:00Z,Curitiba,FALSE
00026238320248160031,2024-06-08T13:50:34Z,111,Habilitação de Crédito,2024-02-22T19:35:28Z,8816,PONTA GROSSA - 1ª VARA CÍVEL,2024,2024-02-01T00:00:00Z,Ponta Grossa,FALSE
00026594820248160089,2025-01-09T14:32:38Z,111,Habilitação de Crédito,2024-08-12T18:03:01Z,13950,LONDRINA - 11ª VARA CÍVEL E EMPRESARIAL REGIONAL,2024,2024-08-01T00:00:00Z,Londrina,FALSE
00028044720248160108,2024-09-23T17:08:52Z,111,Habilitação de Crédito,2024-09-06T17:59:26Z,8809,MARINGÁ - 3ª VARA CÍVEL,2024,2024-09-01T00:00:00Z,Maringá,FALSE
00028084420248160089,2025-01-09T15:48:05Z,111,Habilitação de Crédito,2024-08-26T14:51:09Z,13950,LONDRINA - 11ª VARA CÍVEL E EMPRESARIAL REGIONAL,2024,2024-08-01T00:00:00Z,Londrina,FALSE
00028157620248160108,2024-09-17T16:32:33Z,111,Habilitação de Crédito,2024-09-06T18:10:04Z,8809,MARINGÁ - 3ª VARA CÍVEL,2024,2024-09-01T00:00:00Z,Maringá,FALSE
00028166120248160108,2024-09-18T14:09:37Z,111,Habilitação de Crédito,2024-09-06T18:05:09Z,8809,MARINGÁ - 3ª VARA CÍVEL,2024,2024-09-01T00:00:00Z,Maringá,FALSE
00028469420248160044,2025-01-27T17:44:19Z,111,Habilitação de Crédito,2024-03-14T10:05:17Z,13950,LONDRINA - 11ª VARA CÍVEL E EMPRESARIAL REGIONAL,2024,2024-03-01T00:00:00Z,Londrina,TRUE
00028486420248160044,2025-01-27T17:20:54Z,111,Habilitação de Crédito,2024-03-14T10:40:57Z,13950,LONDRINA - 11ª VARA CÍVEL E EMPRESARIAL REGIONAL,2024,2024-03-01T00:00:00Z,Londrina,FALSE
00028681720248160089,2025-01-09T15:48:06Z,111,Habilitação de Crédito,2024-08-31T23:34:05Z,13950,LONDRINA - 11ª VARA CÍVEL E EMPRESARIAL REGIONAL,2024,2024-08-01T00:00:00Z,Londrina,TRUE
00028891320248160147,2024-10-28T19:36:22Z,108,"Falência de Empresários, Sociedades Empresáriais, Microempresas e Empresas de Pequeno Porte",2024-09-11T15:21:18Z,13952,CURITIBA - 25ª VARA CÍVEL,2024,2024-09-01T00:00:00Z,Curitiba,FALSE
00029331720258160173,2025-03-12T18:36:32Z,129,Recuperação Judicial,2025-03-10T22:11:42Z,8809,MARINGÁ - 3ª VARA CÍVEL,2025,2025-03-01T00:00:00Z,Maringá,FALSE
00029624320248160160,2024-08-25T10:21:33Z,114,Impugnação de Crédito,2024-04-02T09:19:10Z,26422,CURITIBA - 2ª VARA DE FALÊNCIAS E RECUPERAÇÕES JUDICIAIS,2024,2024-04-01T00:00:00Z,Curitiba,TRUE
00029970320248160160,2024-08-29T17:30:18Z,111,Habilitação de Crédito,2024-04-05T11:03:36Z,8809,MARINGÁ - 3ª VARA CÍVEL,2024,2024-04-01T00:00:00Z,Maringá,FALSE
00030027220248160112,2024-08-07T19:10:09Z,111,Habilitação de Crédito,2024-05-15T16:10:03Z,13752,CASCAVEL - 4ª VARA CÍVEL,2024,2024-05-01T00:00:00Z,Cascavel,TRUE
00030093620248160089,2025-01-13T18:12:12Z,111,Habilitação de Crédito,2024-09-16T15:57:34Z,13950,LONDRINA - 11ª VARA CÍVEL E EMPRESARIAL REGIONAL,2024,2024-09-01T00:00:00Z,Londrina,FALSE
00030256820248160160,2024-08-25T10:21:34Z,111,Habilitação de Crédito,2024-04-05T15:35:59Z,8809,MARINGÁ - 3ª VARA CÍVEL,2024,2024-04-01T00:00:00Z,Maringá,TRUE
00032442020258160072,2025-08-11T19:04:58Z,108,"Falência de Empresários, Sociedades Empresáriais, Microempresas e Empresas de Pequeno Porte",2025-07-24T15:53:46Z,8809,MARINGÁ - 3ª VARA CÍVEL,2025,2025-07-01T00:00:00Z,Maringá,FALSE
00032448020258160149,2025-11-03T22:12:14Z,108,"Falência de Empresários, Sociedades Empresáriais, Microempresas e Empresas de Pequeno Porte",2025-10-09T11:40:17Z,13752,CASCAVEL - 4ª VARA CÍVEL,2025,2025-10-01T00:00:00Z,Cascavel,FALSE
00033012420248160185,2024-04-17T12:53:41Z,111,Habilitação de Crédito,2024-04-12T11:43:59Z,8901,COLOMBO - 1ª VARA CÍVEL,2024,2024-04-01T00:00:00Z,Colombo,TRUE
00033462520248160089,2025-01-09T15:00:51Z,114,Impugnação de Crédito,2024-10-10T15:37:06Z,13950,LONDRINA - 11ª VARA CÍVEL E EMPRESARIAL REGIONAL,2024,2024-10-01T00:00:00Z,Londrina,FALSE
00034063620248160044,2025-01-27T13:08:29Z,111,Habilitação de Crédito,2024-03-27T11:31:30Z,13950,LONDRINA - 11ª VARA CÍVEL E EMPRESARIAL REGIONAL,2024,2024-03-01T00:00:00Z,Londrina,FALSE
00034606120248160089,2025-01-09T15:00:51Z,111,Habilitação de Crédito,2024-10-26T00:00:22Z,13950,LONDRINA - 11ª VARA CÍVEL E EMPRESARIAL REGIONAL,2024,2024-10-01T00:00:00Z,Londrina,FALSE
00034776120248160101,2024-11-22T20:00:05Z,108,"Falência de Empresários, Sociedades Empresáriais, Microempresas e Empresas de Pequeno Porte",2024-09-12T14:42:48Z,8809,MARINGÁ - 3ª VARA CÍVEL,2024,2024-09-01T00:00:00Z,Maringá,FALSE
00035349520248160031,2024-06-17T19:45:32Z,111,Habilitação de Crédito,2024-03-11T13:58:31Z,8816,PONTA GROSSA - 1ª VARA CÍVEL,2024,2024-03-01T00:00:00Z,Ponta Grossa,TRUE
00035397820248160044,2025-01-09T14:56:00Z,114,Impugnação de Crédito,2024-03-29T19:46:40Z,13950,LONDRINA - 11ª VARA CÍVEL E EMPRESARIAL REGIONAL,2024,2024-03-01T00:00:00Z,Londrina,FALSE
00035423320248160044,2025-01-29T14:22:29Z,114,Impugnação de Crédito,2024-03-29T22:42:04Z,13950,LONDRINA - 11ª VARA CÍVEL E EMPRESARIAL REGIONAL,2024,2024-03-01T00:00:00Z,Londrina,FALSE
00035431820248160044,2025-01-27T17:44:17Z,114,Impugnação de Crédito,2024-03-29T22:47:49Z,13950,LONDRINA - 11ª VARA CÍVEL E EMPRESARIAL REGIONAL,2024,2024-03-01T00:00:00Z,Londrina,FALSE
00035440320248160044,2025-01-27T11:36:26Z,114,Impugnação de Crédito,2024-03-29T22:52:40Z,13950,LONDRINA - 11ª VARA CÍVEL E EMPRESARIAL REGIONAL,2024,2024-03-01T00:00:00Z,Londrina,FALSE
00035617720258160117,2025-07-02T11:53:32Z,129,Recuperação Judicial,2025-06-27T13:49:47Z,13752,CASCAVEL - 4ª VARA CÍVEL,2025,2025-06-01T00:00:00Z,Cascavel,FALSE
00035661720258160112,2025-06-02T15:48:44Z,129,Recuperação Judicial,2025-05-19T17:26:22Z,26404,CURITIBA - 1ª VARA DE FALÊNCIAS E RECUPERAÇÕES JUDICIAIS,2025,2025-05-01T00:00:00Z,Curitiba,FALSE
00035738320248160131,2024-08-07T16:50:03Z,111,Habilitação de Crédito,2024-04-02T17:01:44Z,13752,CASCAVEL - 4ª VARA CÍVEL,2024,2024-04-01T00:00:00Z,Cascavel,TRUE
00036860720248160044,2025-01-27T17:21:00Z,111,Habilitação de Crédito,2024-04-03T15:59:57Z,13950,LONDRINA - 11ª VARA CÍVEL E EMPRESARIAL REGIONAL,2024,2024-04-01T00:00:00Z,Londrina,TRUE
00037431520248160112,2024-07-11T08:34:47Z,111,Habilitação de Crédito,2024-06-19T09:55:51Z,13752,CASCAVEL - 4ª VARA CÍVEL,2024,2024-06-01T00:00:00Z,Cascavel,FALSE
00037736020248160044,2025-01-27T11:36:26Z,114,Impugnação de Crédito,2024-04-01T18:04:19Z,13950,LONDRINA - 11ª VARA CÍVEL E EMPRESARIAL REGIONAL,2024,2024-04-01T00:00:00Z,Londrina,TRUE
00038495620248160021,2024-09-10T17:48:57Z,111,Habilitação de Crédito,2024-02-05T09:26:25Z,13752,CASCAVEL - 4ª VARA CÍVEL,2024,2024-02-01T00:00:00Z,Cascavel,TRUE
00039156420248160044,2025-01-29T16:22:38Z,114,Impugnação de Crédito,2024-04-09T10:38:54Z,13950,LONDRINA - 11ª VARA CÍVEL E EMPRESARIAL REGIONAL,2024,2024-04-01T00:00:00Z,Londrina,TRUE
00040001220248160089,2025-01-09T15:48:37Z,111,Habilitação de Crédito,2024-12-26T15:54:04Z,13950,LONDRINA - 11ª VARA CÍVEL E EMPRESARIAL REGIONAL,2024,2024-12-01T00:00:00Z,Londrina,FALSE
00041327220248160185,2024-06-11T18:04:38Z,111,Habilitação de Crédito,2024-05-09T16:16:18Z,26422,CURITIBA - 2ª VARA DE FALÊNCIAS E RECUPERAÇÕES JUDICIAIS,2024,2024-05-01T00:00:00Z,Curitiba,TRUE
00041414120248160021,2024-04-05T14:03:55Z,111,Habilitação de Crédito,2024-02-07T11:45:55Z,8846,CASCAVEL - 3ª VARA CÍVEL,2024,2024-02-01T00:00:00Z,Cascavel,TRUE
00041414120248160021,2024-10-17T18:45:40Z,111,Habilitação de Crédito,2024-02-07T11:45:55Z,8846,CASCAVEL - 3ª VARA CÍVEL,2024,2024-02-01T00:00:00Z,Cascavel,TRUE
00041778920248160019,2024-06-04T14:43:48Z,111,Habilitação de Crédito,2024-02-16T14:48:36Z,8816,PONTA GROSSA - 1ª VARA CÍVEL,2024,2024-02-01T00:00:00Z,Ponta Grossa,TRUE
00041823620248160044,2025-01-29T16:22:43Z,111,Habilitação de Crédito,2024-04-15T15:04:07Z,13950,LONDRINA - 11ª VARA CÍVEL E EMPRESARIAL REGIONAL,2024,2024-04-01T00:00:00Z,Londrina,TRUE
00042667420248160064,2024-07-06T12:39:03Z,108,"Falência de Empresários, Sociedades Empresáriais, Microempresas e Empresas de Pequeno Porte",2024-07-06T12:02:59Z,8816,PONTA GROSSA - 1ª VARA CÍVEL,2024,2024-07-01T00:00:00Z,Ponta Grossa,TRUE
00042667420248160064,2024-08-21T15:35:22Z,108,"Falência de Empresários, Sociedades Empresáriais, Microempresas e Empresas de Pequeno Porte",2024-07-06T12:02:59Z,8816,PONTA GROSSA - 1ª VARA CÍVEL,2024,2024-07-01T00:00:00Z,Ponta Grossa,TRUE
00042888720248160079,2024-08-30T17:24:00Z,108,"Falência de Empresários, Sociedades Empresáriais, Microempresas e Empresas de Pequeno Porte",2024-08-05T19:27:41Z,13752,CASCAVEL - 4ª VARA CÍVEL,2024,2024-08-01T00:00:00Z,Cascavel,FALSE
00042897220248160079,2024-08-30T17:24:04Z,108,"Falência de Empresários, Sociedades Empresáriais, Microempresas e Empresas de Pequeno Porte",2024-08-05T19:58:22Z,13752,CASCAVEL - 4ª VARA CÍVEL,2024,2024-08-01T00:00:00Z,Cascavel,FALSE
00043330220248160044,2025-02-06T17:08:43Z,114,Impugnação de Crédito,2024-04-17T15:32:03Z,26404,CURITIBA - 1ª VARA DE FALÊNCIAS E RECUPERAÇÕES JUDICIAIS,2024,2024-04-01T00:00:00Z,Curitiba,FALSE
00043872420248160090,2024-12-13T09:44:43Z,129,Recuperação Judicial,2024-08-08T10:16:06Z,26404,CURITIBA - 1ª VARA DE FALÊNCIAS E RECUPERAÇÕES JUDICIAIS,2024,2024-08-01T00:00:00Z,Curitiba,FALSE
00044706820258160037,2025-09-26T11:31:33Z,129,Recuperação Judicial,2025-09-24T18:30:55Z,13951,CURITIBA - 24ª VARA CÍVEL,2025,2025-09-01T00:00:00Z,Curitiba,FALSE
00046758620258160170,2025-04-29T16:02:05Z,108,"Falência de Empresários, Sociedades Empresáriais, Microempresas e Empresas de Pequeno Porte",2025-04-07T15:15:02Z,13752,CASCAVEL - 4ª VARA CÍVEL,2025,2025-04-01T00:00:00Z,Cascavel,TRUE
00046927920248160131,2024-07-04T13:26:25Z,114,Impugnação de Crédito,2024-04-19T15:40:58Z,13752,CASCAVEL - 4ª VARA CÍVEL,2024,2024-04-01T00:00:00Z,Cascavel,TRUE
00047080320248160044,2025-01-27T13:08:22Z,111,Habilitação de Crédito,2024-04-26T10:28:56Z,26404,CURITIBA - 1ª VARA DE FALÊNCIAS E RECUPERAÇÕES JUDICIAIS,2024,2024-04-01T00:00:00Z,Curitiba,FALSE
00049012820248160170,2025-01-31T15:32:14Z,111,Habilitação de Crédito,2024-04-19T10:47:21Z,26404,CURITIBA - 1ª VARA DE FALÊNCIAS E RECUPERAÇÕES JUDICIAIS,2024,2024-04-01T00:00:00Z,Curitiba,TRUE
00049027220248160021,2024-02-20T11:18:00Z,111,Habilitação de Crédito,2024-02-08T19:16:14Z,13752,CASCAVEL - 4ª VARA CÍVEL,2024,2024-02-01T00:00:00Z,Cascavel,TRUE
00049849520248160153,2025-01-24T20:16:23Z,129,Recuperação Judicial,2024-10-08T11:36:49Z,26404,CURITIBA - 1ª VARA DE FALÊNCIAS E RECUPERAÇÕES JUDICIAIS,2024,2024-10-01T00:00:00Z,Curitiba,FALSE
00050104620258160028,2025-09-05T21:29:50Z,108,"Falência de Empresários, Sociedades Empresáriais, Microempresas e Empresas de Pequeno Porte",2025-06-03T14:32:46Z,13951,CURITIBA - 24ª VARA CÍVEL,2025,2025-06-01T00:00:00Z,Curitiba,TRUE
00051037220248160083,2024-08-28T17:04:55Z,111,Habilitação de Crédito,2024-06-24T17:01:36Z,13752,CASCAVEL - 4ª VARA CÍVEL,2024,2024-06-01T00:00:00Z,Cascavel,TRUE
00051246620248160174,2024-06-13T20:35:29Z,111,Habilitação de Crédito,2024-05-31T15:36:49Z,8816,PONTA GROSSA - 1ª VARA CÍVEL,2024,2024-05-01T00:00:00Z,Ponta Grossa,FALSE
00051709620248160031,2024-06-17T19:45:31Z,111,Habilitação de Crédito,2024-04-05T13:23:59Z,8816,PONTA GROSSA - 1ª VARA CÍVEL,2024,2024-04-01T00:00:00Z,Ponta Grossa,FALSE
00052785820248160021,2024-07-01T14:42:18Z,111,Habilitação de Crédito,2024-02-15T15:23:12Z,13752,CASCAVEL - 4ª VARA CÍVEL,2024,2024-02-01T00:00:00Z,Cascavel,TRUE
00054814820248160044,2025-01-29T14:22:24Z,111,Habilitação de Crédito,2024-05-15T15:49:16Z,26404,CURITIBA - 1ª VARA DE FALÊNCIAS E RECUPERAÇÕES JUDICIAIS,2024,2024-05-01T00:00:00Z,Curitiba,FALSE
00055091720258160097,2025-11-24T18:18:05Z,108,"Falência de Empresários, Sociedades Empresáriais, Microempresas e Empresas de Pequeno Porte",2025-11-04T09:42:40Z,8809,MARINGÁ - 3ª VARA CÍVEL,2025,2025-11-01T00:00:00Z,Maringá,FALSE
00055126120248160014,2024-08-27T17:52:25Z,129,Recuperação Judicial,2024-02-01T11:11:43Z,26404,CURITIBA - 1ª VARA DE FALÊNCIAS E RECUPERAÇÕES JUDICIAIS,2024,2024-02-01T00:00:00Z,Curitiba,FALSE
00055187620248160173,2024-10-21T17:18:51Z,108,"Falência de Empresários, Sociedades Empresáriais, Microempresas e Empresas de Pequeno Porte",2024-04-29T18:25:49Z,8809,MARINGÁ - 3ª VARA CÍVEL,2024,2024-04-01T00:00:00Z,Maringá,FALSE
00056571120248160017,2024-08-19T16:22:03Z,111,Habilitação de Crédito,2024-03-08T20:02:36Z,8809,MARINGÁ - 3ª VARA CÍVEL,2024,2024-03-01T00:00:00Z,Maringá,TRUE
00057494520248160160,2024-08-25T10:21:31Z,111,Habilitação de Crédito,2024-06-24T17:40:59Z,26422,CURITIBA - 2ª VARA DE FALÊNCIAS E RECUPERAÇÕES JUDICIAIS,2024,2024-06-01T00:00:00Z,Curitiba,TRUE
00057643520248160153,2025-01-24T20:16:21Z,111,Habilitação de Crédito,2024-11-21T15:39:36Z,13950,LONDRINA - 11ª VARA CÍVEL E EMPRESARIAL REGIONAL,2024,2024-11-01T00:00:00Z,Londrina,TRUE
00058507720248160097,2025-01-10T12:37:44Z,129,Recuperação Judicial,2024-12-13T17:52:22Z,26422,CURITIBA - 2ª VARA DE FALÊNCIAS E RECUPERAÇÕES JUDICIAIS,2024,2024-12-01T00:00:00Z,Curitiba,FALSE
00058806520258160069,2025-07-16T17:53:17Z,108,"Falência de Empresários, Sociedades Empresáriais, Microempresas e Empresas de Pequeno Porte",2025-06-11T14:48:02Z,8809,MARINGÁ - 3ª VARA CÍVEL,2025,2025-06-01T00:00:00Z,Maringá,FALSE
00060273320248160035,2024-04-06T22:23:07Z,111,Habilitação de Crédito,2024-04-06T21:04:40Z,26404,CURITIBA - 1ª VARA DE FALÊNCIAS E RECUPERAÇÕES JUDICIAIS,2024,2024-04-01T00:00:00Z,Curitiba,TRUE
00060638820248160160,2024-08-25T10:21:40Z,111,Habilitação de Crédito,2024-07-09T11:44:40Z,8809,MARINGÁ - 3ª VARA CÍVEL,2024,2024-07-01T00:00:00Z,Maringá,TRUE
00061977520248160044,2025-02-18T18:52:00Z,108,"Falência de Empresários, Sociedades Empresáriais, Microempresas e Empresas de Pequeno Porte",2024-05-29T18:19:57Z,13950,LONDRINA - 11ª VARA CÍVEL E EMPRESARIAL REGIONAL,2024,2024-05-01T00:00:00Z,Londrina,FALSE
00062819320248160103,2025-01-14T13:08:45Z,108,"Falência de Empresários, Sociedades Empresáriais, Microempresas e Empresas de Pequeno Porte",2024-12-16T15:42:43Z,13951,CURITIBA - 24ª VARA CÍVEL,2024,2024-12-01T00:00:00Z,Curitiba,FALSE
00064469520248160021,2024-07-01T14:35:52Z,111,Habilitação de Crédito,2024-02-23T08:45:18Z,13752,CASCAVEL - 4ª VARA CÍVEL,2024,2024-02-01T00:00:00Z,Cascavel,TRUE
00065055720258160083,2025-08-07T18:37:19Z,108,"Falência de Empresários, Sociedades Empresáriais, Microempresas e Empresas de Pequeno Porte",2025-07-30T15:10:44Z,13752,CASCAVEL - 4ª VARA CÍVEL,2025,2025-07-01T00:00:00Z,Cascavel,FALSE
00065530820258160021,2025-07-08T17:59:31Z,129,Recuperação Judicial,2025-02-13T19:47:16Z,13951,CURITIBA - 24ª VARA CÍVEL,2025,2025-02-01T00:00:00Z,Curitiba,FALSE
00066666720258160083,2025-08-11T18:55:01Z,108,"Falência de Empresários, Sociedades Empresáriais, Microempresas e Empresas de Pequeno Porte",2025-08-04T17:58:26Z,13752,CASCAVEL - 4ª VARA CÍVEL,2025,2025-08-01T00:00:00Z,Cascavel,FALSE
00068308920258160064,2025-11-20T21:15:32Z,108,"Falência de Empresários, Sociedades Empresáriais, Microempresas e Empresas de Pequeno Porte",2025-11-02T19:04:38Z,8816,PONTA GROSSA - 1ª VARA CÍVEL,2025,2025-11-01T00:00:00Z,Ponta Grossa,FALSE
00068966620248160044,2025-01-27T13:08:30Z,108,"Falência de Empresários, Sociedades Empresáriais, Microempresas e Empresas de Pequeno Porte",2024-06-14T16:48:53Z,13950,LONDRINA - 11ª VARA CÍVEL E EMPRESARIAL REGIONAL,2024,2024-06-01T00:00:00Z,Londrina,FALSE
00072205920258160064,2025-11-25T17:54:56Z,129,Recuperação Judicial,2025-11-18T20:04:47Z,13951,CURITIBA - 24ª VARA CÍVEL,2025,2025-11-01T00:00:00Z,Curitiba,FALSE
00072205920258160064,2025-12-23T13:43:06Z,129,Recuperação Judicial,2025-11-18T20:04:47Z,13951,CURITIBA - 24ª VARA CÍVEL,2025,2025-11-01T00:00:00Z,Curitiba,FALSE
00075306220248160044,2025-03-25T14:59:39Z,111,Habilitação de Crédito,2024-07-01T14:32:43Z,13950,LONDRINA - 11ª VARA CÍVEL E EMPRESARIAL REGIONAL,2024,2024-07-01T00:00:00Z,Londrina,TRUE
00076849020248160170,2024-07-08T10:29:49Z,111,Habilitação de Crédito,2024-06-17T12:03:55Z,13752,CASCAVEL - 4ª VARA CÍVEL,2024,2024-06-01T00:00:00Z,Cascavel,TRUE
00077204720248160069,2024-09-04T19:20:00Z,111,Habilitação de Crédito,2024-07-17T11:02:19Z,26422,CURITIBA - 2ª VARA DE FALÊNCIAS E RECUPERAÇÕES JUDICIAIS,2024,2024-07-01T00:00:00Z,Curitiba,FALSE
00077204720248160069,2024-09-26T23:43:27Z,111,Habilitação de Crédito,2024-07-17T11:02:19Z,26422,CURITIBA - 2ª VARA DE FALÊNCIAS E RECUPERAÇÕES JUDICIAIS,2024,2024-07-01T00:00:00Z,Curitiba,FALSE
00077386820248160069,2024-12-13T17:44:44Z,111,Habilitação de Crédito,2024-07-17T14:50:02Z,8809,MARINGÁ - 3ª VARA CÍVEL,2024,2024-07-01T00:00:00Z,Maringá,TRUE
00078481220258160173,2025-06-24T19:42:02Z,114,Impugnação de Crédito,2025-06-18T15:14:46Z,8933,UMUARAMA - 1ª VARA CÍVEL E DA FAZENDA PÚBLICA,2025,2025-06-01T00:00:00Z,Umuarama,FALSE
00080060320248160044,2025-01-27T17:21:04Z,111,Habilitação de Crédito,2024-07-11T16:08:44Z,13950,LONDRINA - 11ª VARA CÍVEL E EMPRESARIAL REGIONAL,2024,2024-07-01T00:00:00Z,Londrina,TRUE
00082485920248160044,2025-01-10T17:30:32Z,111,Habilitação de Crédito,2024-07-17T15:24:29Z,13950,LONDRINA - 11ª VARA CÍVEL E EMPRESARIAL REGIONAL,2024,2024-07-01T00:00:00Z,Londrina,TRUE
00082535320248160021,2024-07-05T17:12:58Z,111,Habilitação de Crédito,2024-03-05T18:38:28Z,13752,CASCAVEL - 4ª VARA CÍVEL,2024,2024-03-01T00:00:00Z,Cascavel,TRUE
00083672020248160044,2025-01-29T16:22:42Z,114,Impugnação de Crédito,2024-07-21T14:10:16Z,13950,LONDRINA - 11ª VARA CÍVEL E EMPRESARIAL REGIONAL,2024,2024-07-01T00:00:00Z,Londrina,TRUE
00084348220248160044,2025-01-29T14:22:32Z,129,Recuperação Judicial,2024-07-23T10:34:47Z,13950,LONDRINA - 11ª VARA CÍVEL E EMPRESARIAL REGIONAL,2024,2024-07-01T00:00:00Z,Londrina,FALSE
00088391720248160013,2024-05-18T17:43:44Z,111,Habilitação de Crédito,2024-05-18T15:22:43Z,26404,CURITIBA - 1ª VARA DE FALÊNCIAS E RECUPERAÇÕES JUDICIAIS,2024,2024-05-01T00:00:00Z,Curitiba,FALSE
00089033120248160044,2025-01-27T17:20:57Z,111,Habilitação de Crédito,2024-08-01T10:24:32Z,13950,LONDRINA - 11ª VARA CÍVEL E EMPRESARIAL REGIONAL,2024,2024-08-01T00:00:00Z,Londrina,FALSE
00090087720248160021,2024-08-08T18:16:15Z,129,Recuperação Judicial,2024-03-11T14:35:18Z,13752,CASCAVEL - 4ª VARA CÍVEL,2024,2024-03-01T00:00:00Z,Cascavel,FALSE
00090213320258160024,2025-10-13T17:41:21Z,129,Recuperação Judicial,2025-10-13T10:14:29Z,26422,CURITIBA - 2ª VARA DE FALÊNCIAS E RECUPERAÇÕES JUDICIAIS,2025,2025-10-01T00:00:00Z,Curitiba,FALSE
00091232920248160044,2025-01-08T15:39:36Z,111,Habilitação de Crédito,2024-08-05T17:33:59Z,13950,LONDRINA - 11ª VARA CÍVEL E EMPRESARIAL REGIONAL,2024,2024-08-01T00:00:00Z,Londrina,TRUE
00091631120248160044,2025-01-27T17:20:56Z,111,Habilitação de Crédito,2024-08-06T15:56:02Z,13950,LONDRINA - 11ª VARA CÍVEL E EMPRESARIAL REGIONAL,2024,2024-08-01T00:00:00Z,Londrina,TRUE
00093586520248160021,2024-08-22T17:28:17Z,111,Habilitação de Crédito,2024-03-12T14:26:07Z,13752,CASCAVEL - 4ª VARA CÍVEL,2024,2024-03-01T00:00:00Z,Cascavel,TRUE
00093770320258160194,2025-09-12T13:24:15Z,129,Recuperação Judicial,2025-06-03T17:42:51Z,13951,CURITIBA - 24ª VARA CÍVEL,2025,2025-06-01T00:00:00Z,Curitiba,TRUE
00095009720248160044,2025-01-30T10:35:20Z,114,Impugnação de Crédito,2024-08-09T18:50:09Z,13950,LONDRINA - 11ª VARA CÍVEL E EMPRESARIAL REGIONAL,2024,2024-08-01T00:00:00Z,Londrina,TRUE
00095128320248160021,2024-07-26T17:39:30Z,111,Habilitação de Crédito,2024-03-12T17:21:59Z,13752,CASCAVEL - 4ª VARA CÍVEL,2024,2024-03-01T00:00:00Z,Cascavel,TRUE
00095242820248160044,2025-01-27T17:20:36Z,111,Habilitação de Crédito,2024-08-14T12:18:12Z,13950,LONDRINA - 11ª VARA CÍVEL E EMPRESARIAL REGIONAL,2024,2024-08-01T00:00:00Z,Londrina,FALSE
00095396620248160021,2024-07-26T17:39:30Z,111,Habilitação de Crédito,2024-03-13T11:05:29Z,13752,CASCAVEL - 4ª VARA CÍVEL,2024,2024-03-01T00:00:00Z,Cascavel,FALSE
00099683320248160021,2024-04-22T17:47:15Z,111,Habilitação de Crédito,2024-03-15T12:54:47Z,8844,CASCAVEL - 2ª VARA CÍVEL,2024,2024-03-01T00:00:00Z,Cascavel,TRUE
00100295420258160021,2026-01-13T14:39:52Z,111,Habilitação de Crédito,2025-02-11T11:26:40Z,26404,CURITIBA - 1ª VARA DE FALÊNCIAS E RECUPERAÇÕES JUDICIAIS,2025,2025-02-01T00:00:00Z,Curitiba,TRUE
00101123620248160173,2024-11-18T16:15:56Z,111,Habilitação de Crédito,2024-08-05T09:50:46Z,8809,MARINGÁ - 3ª VARA CÍVEL,2024,2024-08-01T00:00:00Z,Maringá,FALSE
00102377220248160021,2024-07-23T17:42:11Z,111,Habilitação de Crédito,2024-03-18T16:55:56Z,13752,CASCAVEL - 4ª VARA CÍVEL,2024,2024-03-01T00:00:00Z,Cascavel,TRUE
00102411620258160170,2025-07-25T23:42:14Z,108,"Falência de Empresários, Sociedades Empresáriais, Microempresas e Empresas de Pequeno Porte",2025-07-24T20:23:30Z,13752,CASCAVEL - 4ª VARA CÍVEL,2025,2025-07-01T00:00:00Z,Cascavel,FALSE
00104050520248160044,2025-01-27T17:21:11Z,111,Habilitação de Crédito,2024-09-02T13:47:11Z,13950,LONDRINA - 11ª VARA CÍVEL E EMPRESARIAL REGIONAL,2024,2024-09-01T00:00:00Z,Londrina,FALSE
00105806820248160021,2024-07-01T14:35:52Z,111,Habilitação de Crédito,2024-03-19T15:56:22Z,13752,CASCAVEL - 4ª VARA CÍVEL,2024,2024-03-01T00:00:00Z,Cascavel,TRUE
00106311120248160173,2024-10-28T18:10:55Z,111,Habilitação de Crédito,2024-08-14T16:34:23Z,26422,CURITIBA - 2ª VARA DE FALÊNCIAS E RECUPERAÇÕES JUDICIAIS,2024,2024-08-01T00:00:00Z,Curitiba,FALSE
00106675220248160044,2025-01-27T13:08:31Z,111,Habilitação de Crédito,2024-09-05T16:55:41Z,13950,LONDRINA - 11ª VARA CÍVEL E EMPRESARIAL REGIONAL,2024,2024-09-01T00:00:00Z,Londrina,FALSE
00107844420248160173,2024-10-02T14:09:05Z,108,"Falência de Empresários, Sociedades Empresáriais, Microempresas e Empresas de Pequeno Porte",2024-08-19T16:06:34Z,8809,MARINGÁ - 3ª VARA CÍVEL,2024,2024-08-01T00:00:00Z,Maringá,FALSE
00109593720248160044,2025-04-30T16:48:52Z,114,Impugnação de Crédito,2024-05-23T10:43:24Z,13950,LONDRINA - 11ª VARA CÍVEL E EMPRESARIAL REGIONAL,2024,2024-05-01T00:00:00Z,Londrina,TRUE
00115899320248160044,2025-01-27T17:21:06Z,111,Habilitação de Crédito,2024-09-25T11:42:30Z,13950,LONDRINA - 11ª VARA CÍVEL E EMPRESARIAL REGIONAL,2024,2024-09-01T00:00:00Z,Londrina,FALSE
00117137620248160044,2025-01-14T18:28:28Z,111,Habilitação de Crédito,2024-09-27T10:53:42Z,13950,LONDRINA - 11ª VARA CÍVEL E EMPRESARIAL REGIONAL,2024,2024-09-01T00:00:00Z,Londrina,TRUE
00119934420248160045,2024-09-10T18:18:27Z,111,Habilitação de Crédito,2024-09-09T16:53:31Z,13950,LONDRINA - 11ª VARA CÍVEL E EMPRESARIAL REGIONAL,2024,2024-09-01T00:00:00Z,Londrina,FALSE
00121624420248160170,2024-09-17T16:28:51Z,108,"Falência de Empresários, Sociedades Empresáriais, Microempresas e Empresas de Pequeno Porte",2024-09-15T21:56:12Z,13752,CASCAVEL - 4ª VARA CÍVEL,2024,2024-09-01T00:00:00Z,Cascavel,FALSE
00130359420258160045,2025-09-11T08:13:48Z,111,Habilitação de Crédito,2025-09-09T12:57:54Z,13950,LONDRINA - 11ª VARA CÍVEL E EMPRESARIAL REGIONAL,2025,2025-09-01T00:00:00Z,Londrina,FALSE
00130564520258160021,2026-01-13T14:39:54Z,114,Impugnação de Crédito,2025-03-20T17:14:34Z,26404,CURITIBA - 1ª VARA DE FALÊNCIAS E RECUPERAÇÕES JUDICIAIS,2025,2025-03-01T00:00:00Z,Curitiba,FALSE
00135180220248160194,2024-08-08T18:15:51Z,111,Habilitação de Crédito,2024-08-06T15:25:06Z,26404,CURITIBA - 1ª VARA DE FALÊNCIAS E RECUPERAÇÕES JUDICIAIS,2024,2024-08-01T00:00:00Z,Curitiba,TRUE
00137089620248160021,2024-08-08T18:16:07Z,111,Habilitação de Crédito,2024-04-10T15:08:27Z,26404,CURITIBA - 1ª VARA DE FALÊNCIAS E RECUPERAÇÕES JUDICIAIS,2024,2024-04-01T00:00:00Z,Curitiba,FALSE
00138673920248160021,2024-07-01T14:39:42Z,111,Habilitação de Crédito,2024-04-11T16:20:26Z,13752,CASCAVEL - 4ª VARA CÍVEL,2024,2024-04-01T00:00:00Z,Cascavel,TRUE
00139862820248160044,2025-01-27T17:20:58Z,111,Habilitação de Crédito,2024-10-22T09:46:22Z,13950,LONDRINA - 11ª VARA CÍVEL E EMPRESARIAL REGIONAL,2024,2024-10-01T00:00:00Z,Londrina,TRUE
00140755120248160044,2025-01-13T14:39:46Z,111,Habilitação de Crédito,2024-11-18T15:51:09Z,13950,LONDRINA - 11ª VARA CÍVEL E EMPRESARIAL REGIONAL,2024,2024-11-01T00:00:00Z,Londrina,FALSE
00140772120248160044,2025-01-13T14:39:47Z,111,Habilitação de Crédito,2024-11-18T16:01:38Z,13950,LONDRINA - 11ª VARA CÍVEL E EMPRESARIAL REGIONAL,2024,2024-11-01T00:00:00Z,Londrina,FALSE
00143587420248160044,2025-01-27T17:21:08Z,111,Habilitação de Crédito,2024-11-26T15:29:21Z,13950,LONDRINA - 11ª VARA CÍVEL E EMPRESARIAL REGIONAL,2024,2024-11-01T00:00:00Z,Londrina,FALSE
00147037520248160194,2024-12-02T16:42:24Z,108,"Falência de Empresários, Sociedades Empresáriais, Microempresas e Empresas de Pequeno Porte",2024-08-21T18:57:34Z,13952,CURITIBA - 25ª VARA CÍVEL,2024,2024-08-01T00:00:00Z,Curitiba,TRUE
00149202120248160194,2024-08-29T16:04:05Z,111,Habilitação de Crédito,2024-08-26T18:06:24Z,26404,CURITIBA - 1ª VARA DE FALÊNCIAS E RECUPERAÇÕES JUDICIAIS,2024,2024-08-01T00:00:00Z,Curitiba,FALSE
00154676120258160021,2026-01-13T19:38:24Z,129,Recuperação Judicial,2025-04-03T12:33:15Z,26404,CURITIBA - 1ª VARA DE FALÊNCIAS E RECUPERAÇÕES JUDICIAIS,2025,2025-04-01T00:00:00Z,Curitiba,FALSE
00154791220248160021,2024-07-01T14:39:42Z,111,Habilitação de Crédito,2024-04-22T16:09:26Z,13752,CASCAVEL - 4ª VARA CÍVEL,2024,2024-04-01T00:00:00Z,Cascavel,FALSE
00154826420248160021,2024-07-01T14:35:52Z,111,Habilitação de Crédito,2024-04-22T16:18:00Z,13752,CASCAVEL - 4ª VARA CÍVEL,2024,2024-04-01T00:00:00Z,Cascavel,TRUE
00155243720248160014,2024-09-05T09:59:24Z,128,Recuperação Extrajudicial,2024-03-13T12:22:22Z,26404,CURITIBA - 1ª VARA DE FALÊNCIAS E RECUPERAÇÕES JUDICIAIS,2024,2024-03-01T00:00:00Z,Curitiba,FALSE
00155339620248160014,2024-08-27T13:51:28Z,111,Habilitação de Crédito,2024-03-13T15:28:40Z,13950,LONDRINA - 11ª VARA CÍVEL E EMPRESARIAL REGIONAL,2024,2024-03-01T00:00:00Z,Londrina,TRUE
00157248620258160021,2026-01-13T14:39:55Z,114,Impugnação de Crédito,2025-04-03T17:47:50Z,26404,CURITIBA - 1ª VARA DE FALÊNCIAS E RECUPERAÇÕES JUDICIAIS,2025,2025-04-01T00:00:00Z,Curitiba,FALSE
00158019520258160021,2026-01-13T14:39:54Z,114,Impugnação de Crédito,2025-04-04T16:39:46Z,26404,CURITIBA - 1ª VARA DE FALÊNCIAS E RECUPERAÇÕES JUDICIAIS,2025,2025-04-01T00:00:00Z,Curitiba,FALSE
00161566720248160045,2025-01-22T16:54:33Z,108,"Falência de Empresários, Sociedades Empresáriais, Microempresas e Empresas de Pequeno Porte",2024-12-10T15:23:20Z,13950,LONDRINA - 11ª VARA CÍVEL E EMPRESARIAL REGIONAL,2024,2024-12-01T00:00:00Z,Londrina,TRUE
00163297220248160019,2024-06-10T15:33:24Z,114,Impugnação de Crédito,2024-06-06T14:53:18Z,8816,PONTA GROSSA - 1ª VARA CÍVEL,2024,2024-06-01T00:00:00Z,Ponta Grossa,FALSE
00165882720258160021,2026-01-13T14:39:54Z,114,Impugnação de Crédito,2025-04-08T09:36:14Z,26404,CURITIBA - 1ª VARA DE FALÊNCIAS E RECUPERAÇÕES JUDICIAIS,2025,2025-04-01T00:00:00Z,Curitiba,FALSE
00166319520248160021,2024-07-19T12:10:55Z,114,Impugnação de Crédito,2024-02-06T17:52:12Z,13752,CASCAVEL - 4ª VARA CÍVEL,2024,2024-02-01T00:00:00Z,Cascavel,TRUE
00168287820248160044,2024-12-17T17:08:59Z,129,Recuperação Judicial,2024-12-16T13:59:40Z,13950,LONDRINA - 11ª VARA CÍVEL E EMPRESARIAL REGIONAL,2024,2024-12-01T00:00:00Z,Londrina,FALSE
00168460220248160044,2025-01-27T17:21:00Z,111,Habilitação de Crédito,2024-12-17T10:08:16Z,13950,LONDRINA - 11ª VARA CÍVEL E EMPRESARIAL REGIONAL,2024,2024-12-01T00:00:00Z,Londrina,FALSE
00169327020248160044,2025-01-07T18:10:47Z,111,Habilitação de Crédito,2024-12-18T12:22:49Z,13950,LONDRINA - 11ª VARA CÍVEL E EMPRESARIAL REGIONAL,2024,2024-12-01T00:00:00Z,Londrina,FALSE
00169335520248160044,2025-01-07T14:56:53Z,111,Habilitação de Crédito,2024-12-18T14:58:07Z,13950,LONDRINA - 11ª VARA CÍVEL E EMPRESARIAL REGIONAL,2024,2024-12-01T00:00:00Z,Londrina,TRUE
00171454820248160021,2024-07-01T14:35:52Z,111,Habilitação de Crédito,2024-05-02T16:46:24Z,13752,CASCAVEL - 4ª VARA CÍVEL,2024,2024-05-01T00:00:00Z,Cascavel,TRUE
00176047420248160013,2024-10-13T18:50:48Z,111,Habilitação de Crédito,2024-10-13T18:36:01Z,26404,CURITIBA - 1ª VARA DE FALÊNCIAS E RECUPERAÇÕES JUDICIAIS,2024,2024-10-01T00:00:00Z,Curitiba,FALSE
00176564620248160021,2024-07-01T14:39:42Z,111,Habilitação de Crédito,2024-05-07T09:58:49Z,13752,CASCAVEL - 4ª VARA CÍVEL,2024,2024-05-01T00:00:00Z,Cascavel,TRUE
00181281920258160019,2025-12-23T13:43:06Z,129,Recuperação Judicial,2025-05-29T17:36:01Z,13951,CURITIBA - 24ª VARA CÍVEL,2025,2025-05-01T00:00:00Z,Curitiba,FALSE
00184523720248160021,2024-05-13T18:04:14Z,129,Recuperação Judicial,2024-05-10T21:37:52Z,26404,CURITIBA - 1ª VARA DE FALÊNCIAS E RECUPERAÇÕES JUDICIAIS,2024,2024-05-01T00:00:00Z,Curitiba,FALSE
00186610620248160021,2024-06-10T15:52:56Z,111,Habilitação de Crédito,2024-05-13T20:32:12Z,13752,CASCAVEL - 4ª VARA CÍVEL,2024,2024-05-01T00:00:00Z,Cascavel,TRUE
00186610620248160021,2024-07-01T14:35:52Z,111,Habilitação de Crédito,2024-05-13T20:32:12Z,13752,CASCAVEL - 4ª VARA CÍVEL,2024,2024-05-01T00:00:00Z,Cascavel,TRUE
00189047620258160194,2025-12-10T10:59:50Z,108,"Falência de Empresários, Sociedades Empresáriais, Microempresas e Empresas de Pequeno Porte",2025-09-25T16:33:38Z,26404,CURITIBA - 1ª VARA DE FALÊNCIAS E RECUPERAÇÕES JUDICIAIS,2025,2025-09-01T00:00:00Z,Curitiba,TRUE
00191033520258160021,2025-07-16T18:58:27Z,129,Recuperação Judicial,2025-04-24T20:43:33Z,13951,CURITIBA - 24ª VARA CÍVEL,2025,2025-04-01T00:00:00Z,Curitiba,FALSE
00191500920258160021,2026-01-13T14:39:55Z,114,Impugnação de Crédito,2025-04-24T18:55:12Z,26404,CURITIBA - 1ª VARA DE FALÊNCIAS E RECUPERAÇÕES JUDICIAIS,2025,2025-04-01T00:00:00Z,Curitiba,TRUE
00194974920248160030,2026-01-13T19:38:24Z,108,"Falência de Empresários, Sociedades Empresáriais, Microempresas e Empresas de Pequeno Porte",2024-06-13T17:24:08Z,13752,CASCAVEL - 4ª VARA CÍVEL,2024,2024-06-01T00:00:00Z,Cascavel,FALSE
00197044120258160021,2026-01-13T14:39:51Z,114,Impugnação de Crédito,2025-04-28T13:33:41Z,26404,CURITIBA - 1ª VARA DE FALÊNCIAS E RECUPERAÇÕES JUDICIAIS,2025,2025-04-01T00:00:00Z,Curitiba,FALSE
00197234720258160021,2026-01-13T14:39:50Z,114,Impugnação de Crédito,2025-04-25T18:28:12Z,26404,CURITIBA - 1ª VARA DE FALÊNCIAS E RECUPERAÇÕES JUDICIAIS,2025,2025-04-01T00:00:00Z,Curitiba,TRUE
00198019620248160014,2024-08-28T13:44:36Z,111,Habilitação de Crédito,2024-03-27T16:00:48Z,13950,LONDRINA - 11ª VARA CÍVEL E EMPRESARIAL REGIONAL,2024,2024-03-01T00:00:00Z,Londrina,TRUE
00199288020248160031,2024-12-05T16:05:33Z,108,"Falência de Empresários, Sociedades Empresáriais, Microempresas e Empresas de Pequeno Porte",2024-11-13T17:03:42Z,8816,PONTA GROSSA - 1ª VARA CÍVEL,2024,2024-11-01T00:00:00Z,Ponta Grossa,FALSE
00200468620248160021,2024-07-01T14:35:52Z,111,Habilitação de Crédito,2024-05-23T11:21:50Z,13752,CASCAVEL - 4ª VARA CÍVEL,2024,2024-05-01T00:00:00Z,Cascavel,FALSE
00205560220248160021,2024-07-01T14:35:52Z,114,Impugnação de Crédito,2024-05-24T17:31:20Z,13752,CASCAVEL - 4ª VARA CÍVEL,2024,2024-05-01T00:00:00Z,Cascavel,TRUE
00206902920248160021,2024-08-08T16:38:23Z,114,Impugnação de Crédito,2024-05-27T17:42:34Z,13752,CASCAVEL - 4ª VARA CÍVEL,2024,2024-05-01T00:00:00Z,Cascavel,FALSE
00206929620248160021,2024-09-26T18:12:21Z,114,Impugnação de Crédito,2024-05-27T17:54:40Z,13752,CASCAVEL - 4ª VARA CÍVEL,2024,2024-05-01T00:00:00Z,Cascavel,FALSE
00206946620248160021,2024-09-30T18:43:54Z,114,Impugnação de Crédito,2024-05-27T18:00:17Z,13752,CASCAVEL - 4ª VARA CÍVEL,2024,2024-05-01T00:00:00Z,Cascavel,TRUE
00207085020248160021,2024-08-08T16:38:23Z,114,Impugnação de Crédito,2024-05-28T11:01:42Z,13752,CASCAVEL - 4ª VARA CÍVEL,2024,2024-05-01T00:00:00Z,Cascavel,FALSE
00208635320248160021,2024-09-10T17:48:27Z,111,Habilitação de Crédito,2024-05-28T17:15:28Z,13752,CASCAVEL - 4ª VARA CÍVEL,2024,2024-05-01T00:00:00Z,Cascavel,FALSE
00216845720248160021,2024-09-10T17:48:59Z,111,Habilitação de Crédito,2024-06-05T11:09:48Z,13752,CASCAVEL - 4ª VARA CÍVEL,2024,2024-06-01T00:00:00Z,Cascavel,TRUE
00218664320248160021,2024-07-10T17:15:25Z,111,Habilitação de Crédito,2024-06-06T11:36:47Z,13752,CASCAVEL - 4ª VARA CÍVEL,2024,2024-06-01T00:00:00Z,Cascavel,TRUE
00233292020248160021,2024-07-19T12:10:55Z,114,Impugnação de Crédito,2024-06-14T17:06:08Z,13752,CASCAVEL - 4ª VARA CÍVEL,2024,2024-06-01T00:00:00Z,Cascavel,TRUE
00233387920248160021,2024-08-08T16:38:23Z,114,Impugnação de Crédito,2024-06-17T09:55:52Z,13752,CASCAVEL - 4ª VARA CÍVEL,2024,2024-06-01T00:00:00Z,Cascavel,FALSE
00238684920258160021,2026-01-13T14:39:55Z,114,Impugnação de Crédito,2025-05-21T19:43:51Z,26404,CURITIBA - 1ª VARA DE FALÊNCIAS E RECUPERAÇÕES JUDICIAIS,2025,2025-05-01T00:00:00Z,Curitiba,FALSE
00243721320248160014,2024-08-23T17:10:56Z,111,Habilitação de Crédito,2024-04-16T13:26:56Z,13950,LONDRINA - 11ª VARA CÍVEL E EMPRESARIAL REGIONAL,2024,2024-04-01T00:00:00Z,Londrina,TRUE
00244804220248160014,2024-11-11T10:09:05Z,111,Habilitação de Crédito,2024-04-16T14:34:27Z,13950,LONDRINA - 11ª VARA CÍVEL E EMPRESARIAL REGIONAL,2024,2024-04-01T00:00:00Z,Londrina,TRUE
00247735420258160021,2026-01-13T14:39:51Z,114,Impugnação de Crédito,2025-05-26T14:14:17Z,26404,CURITIBA - 1ª VARA DE FALÊNCIAS E RECUPERAÇÕES JUDICIAIS,2025,2025-05-01T00:00:00Z,Curitiba,TRUE
00248838720248160021,2024-07-01T14:39:42Z,111,Habilitação de Crédito,2024-06-25T18:26:12Z,13752,CASCAVEL - 4ª VARA CÍVEL,2024,2024-06-01T00:00:00Z,Cascavel,TRUE
00249480620248160014,2025-02-11T18:36:07Z,114,Impugnação de Crédito,2024-04-17T18:02:24Z,13950,LONDRINA - 11ª VARA CÍVEL E EMPRESARIAL REGIONAL,2024,2024-04-01T00:00:00Z,Londrina,TRUE
00251558120248160021,2024-09-10T17:49:00Z,111,Habilitação de Crédito,2024-06-27T09:55:56Z,13752,CASCAVEL - 4ª VARA CÍVEL,2024,2024-06-01T00:00:00Z,Cascavel,FALSE
00271289220248160014,2024-08-28T13:44:40Z,111,Habilitação de Crédito,2024-04-25T15:04:49Z,13950,LONDRINA - 11ª VARA CÍVEL E EMPRESARIAL REGIONAL,2024,2024-04-01T00:00:00Z,Londrina,TRUE
00273661420248160014,2024-08-28T13:44:38Z,111,Habilitação de Crédito,2024-04-26T10:57:36Z,13950,LONDRINA - 11ª VARA CÍVEL E EMPRESARIAL REGIONAL,2024,2024-04-01T00:00:00Z,Londrina,TRUE
00276368020258160021,2026-01-13T14:39:53Z,114,Impugnação de Crédito,2025-06-02T19:16:58Z,26404,CURITIBA - 1ª VARA DE FALÊNCIAS E RECUPERAÇÕES JUDICIAIS,2025,2025-06-01T00:00:00Z,Curitiba,TRUE
00285672020248160021,2024-08-22T13:08:53Z,129,Recuperação Judicial,2024-07-19T16:15:11Z,26404,CURITIBA - 1ª VARA DE FALÊNCIAS E RECUPERAÇÕES JUDICIAIS,2024,2024-07-01T00:00:00Z,Curitiba,FALSE
00293934620248160021,2024-10-01T19:08:19Z,111,Habilitação de Crédito,2024-07-25T14:39:25Z,13752,CASCAVEL - 4ª VARA CÍVEL,2024,2024-07-01T00:00:00Z,Cascavel,TRUE
00303531420248160017,2025-06-05T14:53:54Z,108,"Falência de Empresários, Sociedades Empresáriais, Microempresas e Empresas de Pequeno Porte",2024-10-18T15:06:34Z,13950,LONDRINA - 11ª VARA CÍVEL E EMPRESARIAL REGIONAL,2024,2024-10-01T00:00:00Z,Londrina,TRUE
00309047920248160021,2024-09-11T17:31:43Z,111,Habilitação de Crédito,2024-08-02T17:22:16Z,13752,CASCAVEL - 4ª VARA CÍVEL,2024,2024-08-01T00:00:00Z,Cascavel,TRUE
00331739120248160021,2026-01-13T14:39:54Z,111,Habilitação de Crédito,2024-08-15T15:17:06Z,26404,CURITIBA - 1ª VARA DE FALÊNCIAS E RECUPERAÇÕES JUDICIAIS,2024,2024-08-01T00:00:00Z,Curitiba,TRUE
00343821920248160014,2024-08-23T17:10:56Z,111,Habilitação de Crédito,2024-05-23T10:18:15Z,13950,LONDRINA - 11ª VARA CÍVEL E EMPRESARIAL REGIONAL,2024,2024-05-01T00:00:00Z,Londrina,TRUE
00362970620248160014,2025-01-23T19:17:28Z,111,Habilitação de Crédito,2024-05-28T18:14:21Z,13950,LONDRINA - 11ª VARA CÍVEL E EMPRESARIAL REGIONAL,2024,2024-05-01T00:00:00Z,Londrina,FALSE
00390969820248160021,2026-01-12T18:07:48Z,129,Recuperação Judicial,2024-09-28T15:57:59Z,26404,CURITIBA - 1ª VARA DE FALÊNCIAS E RECUPERAÇÕES JUDICIAIS,2024,2024-09-01T00:00:00Z,Curitiba,FALSE
00393907420248160014,2024-08-27T17:52:36Z,129,Recuperação Judicial,2024-06-13T17:37:48Z,13950,LONDRINA - 11ª VARA CÍVEL E EMPRESARIAL REGIONAL,2024,2024-06-01T00:00:00Z,Londrina,FALSE
00441163320248160001,2025-03-11T16:46:09Z,111,Habilitação de Crédito,2024-12-09T12:03:01Z,8781,CURITIBA - 13ª VARA CÍVEL,2024,2024-12-01T00:00:00Z,Curitiba,TRUE
00443678820248160021,2026-01-13T14:39:55Z,111,Habilitação de Crédito,2024-10-29T18:21:14Z,26404,CURITIBA - 1ª VARA DE FALÊNCIAS E RECUPERAÇÕES JUDICIAIS,2024,2024-10-01T00:00:00Z,Curitiba,FALSE
00455413520248160021,2026-01-13T14:39:53Z,111,Habilitação de Crédito,2024-11-06T17:51:03Z,26404,CURITIBA - 1ª VARA DE FALÊNCIAS E RECUPERAÇÕES JUDICIAIS,2024,2024-11-01T00:00:00Z,Curitiba,FALSE
00463037220248160014,2024-08-28T13:44:37Z,111,Habilitação de Crédito,2024-07-11T15:20:34Z,13950,LONDRINA - 11ª VARA CÍVEL E EMPRESARIAL REGIONAL,2024,2024-07-01T00:00:00Z,Londrina,TRUE
00463045720248160014,2024-08-28T13:44:39Z,111,Habilitação de Crédito,2024-07-11T15:27:06Z,13950,LONDRINA - 11ª VARA CÍVEL E EMPRESARIAL REGIONAL,2024,2024-07-01T00:00:00Z,Londrina,TRUE
00485986120248160021,2026-01-13T14:39:50Z,114,Impugnação de Crédito,2024-11-28T10:46:45Z,26404,CURITIBA - 1ª VARA DE FALÊNCIAS E RECUPERAÇÕES JUDICIAIS,2024,2024-11-01T00:00:00Z,Curitiba,FALSE
00487337320248160021,2024-12-16T17:26:09Z,111,Habilitação de Crédito,2024-11-28T14:32:45Z,13752,CASCAVEL - 4ª VARA CÍVEL,2024,2024-11-01T00:00:00Z,Cascavel,TRUE
00487337320248160021,2025-04-04T17:25:57Z,111,Habilitação de Crédito,2024-11-28T14:32:45Z,13752,CASCAVEL - 4ª VARA CÍVEL,2024,2024-11-01T00:00:00Z,Cascavel,TRUE
00499176420248160021,2026-01-13T14:39:50Z,114,Impugnação de Crédito,2024-12-04T15:54:32Z,26404,CURITIBA - 1ª VARA DE FALÊNCIAS E RECUPERAÇÕES JUDICIAIS,2024,2024-12-01T00:00:00Z,Curitiba,TRUE
00530954220248160014,2024-09-05T17:56:54Z,108,"Falência de Empresários, Sociedades Empresáriais, Microempresas e Empresas de Pequeno Porte",2024-08-01T17:41:40Z,13950,LONDRINA - 11ª VARA CÍVEL E EMPRESARIAL REGIONAL,2024,2024-08-01T00:00:00Z,Londrina,TRUE
00530954220248160014,2025-08-19T14:58:19Z,108,"Falência de Empresários, Sociedades Empresáriais, Microempresas e Empresas de Pequeno Porte",2024-08-01T17:41:40Z,13950,LONDRINA - 11ª VARA CÍVEL E EMPRESARIAL REGIONAL,2024,2024-08-01T00:00:00Z,Londrina,TRUE
00556369020258160021,2026-01-12T17:03:37Z,129,Recuperação Judicial,2025-11-27T13:51:12Z,26404,CURITIBA - 1ª VARA DE FALÊNCIAS E RECUPERAÇÕES JUDICIAIS,2025,2025-11-01T00:00:00Z,Curitiba,FALSE
00615708420248160014,2024-09-13T16:43:31Z,111,Habilitação de Crédito,2024-09-12T15:59:11Z,8783,LONDRINA - 1ª VARA CÍVEL,2024,2024-09-01T00:00:00Z,Londrina,TRUE
00707468720248160014,2026-01-12T15:39:27Z,129,Recuperação Judicial,2024-10-17T17:46:10Z,26404,CURITIBA - 1ª VARA DE FALÊNCIAS E RECUPERAÇÕES JUDICIAIS,2024,2024-10-01T00:00:00Z,Curitiba,FALSE
00767691520258160014,2026-01-19T17:35:35Z,108,"Falência de Empresários, Sociedades Empresáriais, Microempresas e Empresas de Pequeno Porte",2025-10-29T18:12:07Z,26404,CURITIBA - 1ª VARA DE FALÊNCIAS E RECUPERAÇÕES JUDICIAIS,2025,2025-10-01T00:00:00Z,Curitiba,FALSE
00835392420258160014,2026-01-09T11:11:09Z,111,Habilitação de Crédito,2025-11-26T11:47:40Z,13950,LONDRINA - 11ª VARA CÍVEL E EMPRESARIAL REGIONAL,2025,2025-11-01T00:00:00Z,Londrina,FALSE
00881814020258160014,2026-01-12T15:39:28Z,128,Recuperação Extrajudicial,2025-12-16T12:58:03Z,26404,CURITIBA - 1ª VARA DE FALÊNCIAS E RECUPERAÇÕES JUDICIAIS,2025,2025-12-01T00:00:00Z,Curitiba,FALSE
